"順番","画面","URL","いつ使う","使い方の手順","主なボタン・入力欄の意味","注意点"
"1","ログイン","/","システムを使い始めるとき","①メールとパスワードを入れて『ログイン』②登録メールに届く6桁コードを次画面で入力","メール／パスワード＝配布されたもの／『ログイン状態を保持』＝次回入力を省く","在籍中の人のみ。5回失敗でロック。新規登録はなし（管理者が発行）"
"2","2段階認証","/otp","ログイン直後","①メールの6桁コードを入力②『ログイン』","確認コード＝メールの6桁／再送＝新しいコードを送り直す／ログインし直す＝最初から","有効期限10分・5回まで。開発中はメールがログに出るだけ"
"3","初回設定","/onboarding","発行されたてで初めて入ったとき","①新パスワードを8文字以上で決める②氏名を確認③身長・靴・服サイズ・都道府県・最寄駅・事務所を入れる④『設定を完了して始める』","パスワード＝これからのログイン用／各プロフィール＝当日準備の参考","パスワードと氏名は必須。他は後でマイプロフィールで直せる。仮PWのままにしない"
"4","ダッシュボード","/dashboard","毎朝の状況確認","①上の数字カードで今月・今週・大型・来月を見る②危険日カレンダーで赤マスを確認③‹›で月移動・マスにマウスで案件詳細","数字カード＝件数／危険日カレンダー＝人が足りない日が赤／件数集計＝拠点別・種別別","危険日＝大型2件/リアル5件/必要28名以上のいずれか。稼働40名は今は仮。件数集計表は暫定"
"5","案件登録・編集","/project-form","新しい案件が決まったとき／内容を直すとき","①タブ『1件ずつ入力』②基本情報→当日手配→備考の順に入力（赤=必須）③『下書き保存』か『確定』","確度＝受注の確からしさ／実施形態＝オンライン等で追加欄が開く／未定・仮チェック＝後で埋める印","必須3点（案件名・開催日・運営人数）は値か『未定/仮』が要る。D・SD・準備チェックはこの画面では保存されない"
"6","案件一覧","/projects","案件を探す・確認する・アサインへ渡す","①絞り込みバーで探す②タブで一覧/下書き/アーカイブ切替③行クリックで詳細④行右で編集/アサイン/削除","アサイン表へ書き出し＝スプレッドシート用の表を作る／＋案件を登録／行の『アサイン』『編集』","詳細パネルの編集と手動アーカイブは保存されない（ケータリングのみ保存）。削除は関連ごと消える・戻せない"
"7","案件CSV取込","/imports→案件","たくさんの案件を一度に登録","①テンプレをダウンロードしExcelで記入②ファイルを選ぶ③自動チェック結果を確認（赤=エラー行）④『この内容で取り込む』","テンプレDL／ファイル選択／エラー行クリック＝1件ずつ直して登録","必須3項目が空の行は取り込まれない。列順は入替可（見出し名は一致）。管理者以上"
"8","名簿CSV取込","/imports→名簿","スタッフ・社員をまとめて登録","①テンプレDL②1行1人で記入③ファイルを選ぶ④『この内容で登録』","種別＝社員/スタッフ／通算経験回数＝これまでの参加回数","IDと権限は自動。パスワードは入らない（発行は別作業）。メール重複はエラー。管理者以上"
"9","アカウント発行","/account-new","1人だけ新しく登録","①種別を選ぶ②氏名・メール③権限④事務所・入社日・仮PW（任意）⑤『発行』⑥出た仮PWを本人に伝える","種別／権限／仮パスワード（空なら自動生成）","Administrator付与はAdministratorのみ。スタッフの権限は『スタッフ』固定。本人は初回設定が必要"
"10","社員の出勤可能日","/employee-availability","社員の稼働日を集める","①タブ『自分の入力』②枠をクリックで〇→×→△→未入力③備考を書く④『この月の内容を保存』","〇=出勤可／×=不可／△=条件つき／平日=希望休トグル","スタッフの希望とは別（社員用）。今は『自分=先頭社員』の仮運用。祝日は見本"
"11","D決め","/assign-director","月次MTGでDを決める","①各日に出せる社員が並ぶ②社員名をクリックしD/SD/FCを選ぶ③『＋全社員を表示』で他部門も④『D／SDを保存』","D=責任者／SD=補佐／FC=巡回。緑=D/SD担当・青=別役割・グレー=空き","月切替ボタンは効かない（案件最多月を自動表示）。開催日なしはDを保存できない"
"12","手動アサイン","/project-assign","スタッフを案件に本当に割り当てる","①人にチェック②役割を選ぶ③『この日 希望・稼働可の人だけ』や検索で絞る④『仮で保存』か『確定で保存』","選択◯/必要◯名＝過不足／希望・NG・専属・確定済・同日・上限バッジ","上書き保存（外した人は消える）。ダブルブッキング・NGペア・月20件超・人数不一致は警告のみ（保存可）。開催日必須"
"13","アサイン画面（案件詳細）","/assign-detail","1案件の編成を検討","①ヘッダーで日程等を確認②提案チームと代替候補を見比べ③差し替えを検討","スコア＝適性の目安（今は暫定）／稼働率／代替候補の＋追加","スコアは暫定（通算回数）。チーム編集・確定・公開は保存されない見本。実保存は手動アサイン/D決め/公開ボードから"
"14","日別ボード","/assign","日ごとの割り当て状況を見る","①表示開始日で日を選ぶ②状態や『自分の担当のみ』で絞る③各カードでメンバー/希望者を確認","稼働可/割当済/残り＝その日の充足／赤字＋⚠=同日かぶり／今月◯/20＝上限","操作の多くは見本で保存されない（ポジション変更だけ保存）。ポジション充足ランプは未接続"
"15","エントリー一覧","/entries","応募者をさばく","①タブ『案件ごと/月ごと』②絞り込み③月ごと表のマスをクリックで未→仮→確定","〇=応募/仮/✓確定/🔒確定＋公開／×=外す","確定＋公開済みを外すときは確認。確定マスの本体クリックは無反応（誤解除防止）"
"16","アサイン表・ダッシュボード","/assign-sheet ・ /assign-dashboard","全体の埋まり具合を見る","①アサイン表は月を選び案件とメンバーを一覧②ダッシュボードは要案件・要注意スタッフを確認","要案件行クリック＝日別ボードへ／要注意スタッフ＝連勤・低稼働・ご無沙汰等","基本は見るだけ。対象月は今2026-07固定。CSV出力（仮）は未実装"
"17","スタッフ公開ボード","/assign-publish","アサインをスタッフに知らせる","①お知らせ文を保存②通常案件の締切日を保存③案件ごとに公開/取消④追加案件は『＋追加』","公開ON＝スタッフ画面に出る／集合・解散（スタッフ）／追加バッジ／👁スタッフ画面を見る","公開ONかつ本人が割り当て済みの案件だけスタッフに見える。締切は通常=一斉/追加=公開日+3日（土日は月曜）。備考はこのブラウザのみ"
"18","人数確定リマインド","/count-reminder","開催2週間前の人数確認を促す","①『件数だけ確認』で対象を見る②『テスト送信』で文面確認③問題なければ『本番送信』","dry=送らず件数／test=テスト部屋／live=本番部屋","本番送信は鍵（トークン）とルームIDが要る。対象=14日以内・未開催・本番。同案件は再送しない"
"19","謎解きの紙 在庫","/paper-stock","紙の在庫を管理","①一覧で必要数・消費数・在庫を確認②入庫した枚数を手入力③『入庫数を保存』④過不足が赤なら追加印刷","必要数(今後)／消費数(開催済み)／在庫=入庫-消費／過不足=在庫-必要","必要数・消費数は自動計算。入力するのは入庫数だけ。対象は『紙』チェックのコンテンツ。オンライン・下書きは除外"
"20","スタッフ名簿・編集","/staff","スタッフの条件を整える・稼働を見る","①タブ『名簿/稼働状況』②詳細▾を開く③できる役割・NGペア・専属・人柄・メモを直す④『保存する』","NGペア=一緒にしない組合せ／専属=自社専属／稼働率=アサイン÷希望","本人プロフィール欄は読むだけ（サンプル）。招待・CSV出力は未実装。cap20は上限目安"
"21","社員名簿","/employees","社員の経験コンテンツを管理","①詳細▾を開く②経験コンテンツ・Dの経験を追加/削除③『経験コンテンツを保存』","経験のあるコンテンツ／Dの経験があるコンテンツ（緑タグ）","保存できるのは経験2種のみ。社員追加・サイズ編集は未実装"
"22","共通設定","/settings","アサインMTGの日を登録","①『MTG日を追加』で日付を足す②必要な日付をすべて入れる③『この予定表を保存する』","MTG日＝この日以降の案件を『追加案件』と判定する基準","『追加』だけでは保存されない。一番新しいMTG日が自動基準。拠点件数は暫定表示"
"23","マスタ管理","/masters","選択肢の元データを整える","①コンテンツ/拠点/ポジションのセクションで編集②新規行から追加③『すべて保存』","紙チェック＝謎解きシート要否／枚/組／有効／必要人数ボタン／▲▼並び替え","削除はAdministratorのみ。ポジションは表示のみ（編集不可）。追加・編集は社員以上"
"24","Administratorコンソール","/admin-console","社員の権限を変える","①権限の変更表で対象を選ぶ②プルダウンで新権限③『保存』","権限プルダウン＝社員/管理者/Administrator","Administratorのときだけ表示。自分のadminは外せない・最後のadminは降格できない"
"25","マイページ・収支入力","/mypage ・ /mypage-finance","自分の担当と収支を見る","①月で絞る②担当案件を確認・カレンダー登録③収支は売上と経費を入れて保存","💰収支入力／📅登録＝Googleカレンダーへ","今は『自分=baba』固定。通知設定・収支保存はこのブラウザのみ（本保存はMTG後）"
